,Date,Country/Region,Confirmed,Deaths,Recovered,Active,New cases,New deaths,New recovered,WHO Region
6,2020-01-22,Argentina,0,0,0,0,0,0,0,Americas
35,2020-01-22,Chile,0,0,0,0,0,0,0,Americas
51,2020-01-22,Ecuador,0,0,0,0,0,0,0,Americas
111,2020-01-22,Mexico,0,0,0,0,0,0,0,Americas
157,2020-01-22,Spain,0,0,0,0,0,0,0,Europe
193,2020-01-23,Argentina,0,0,0,0,0,0,0,Americas
222,2020-01-23,Chile,0,0,0,0,0,0,0,Americas
238,2020-01-23,Ecuador,0,0,0,0,0,0,0,Americas
298,2020-01-23,Mexico,0,0,0,0,0,0,0,Americas
344,2020-01-23,Spain,0,0,0,0,0,0,0,Europe
380,2020-01-24,Argentina,0,0,0,0,0,0,0,Americas
409,2020-01-24,Chile,0,0,0,0,0,0,0,Americas
425,2020-01-24,Ecuador,0,0,0,0,0,0,0,Americas
485,2020-01-24,Mexico,0,0,0,0,0,0,0,Americas
531,2020-01-24,Spain,0,0,0,0,0,0,0,Europe
567,2020-01-25,Argentina,0,0,0,0,0,0,0,Americas
596,2020-01-25,Chile,0,0,0,0,0,0,0,Americas
612,2020-01-25,Ecuador,0,0,0,0,0,0,0,Americas
672,2020-01-25,Mexico,0,0,0,0,0,0,0,Americas
718,2020-01-25,Spain,0,0,0,0,0,0,0,Europe
754,2020-01-26,Argentina,0,0,0,0,0,0,0,Americas
783,2020-01-26,Chile,0,0,0,0,0,0,0,Americas
799,2020-01-26,Ecuador,0,0,0,0,0,0,0,Americas
859,2020-01-26,Mexico,0,0,0,0,0,0,0,Americas
905,2020-01-26,Spain,0,0,0,0,0,0,0,Europe
941,2020-01-27,Argentina,0,0,0,0,0,0,0,Americas
970,2020-01-27,Chile,0,0,0,0,0,0,0,Americas
986,2020-01-27,Ecuador,0,0,0,0,0,0,0,Americas
1046,2020-01-27,Mexico,0,0,0,0,0,0,0,Americas
1092,2020-01-27,Spain,0,0,0,0,0,0,0,Europe
1128,2020-01-28,Argentina,0,0,0,0,0,0,0,Americas
1157,2020-01-28,Chile,0,0,0,0,0,0,0,Americas
1173,2020-01-28,Ecuador,0,0,0,0,0,0,0,Americas
1233,2020-01-28,Mexico,0,0,0,0,0,0,0,Americas
1279,2020-01-28,Spain,0,0,0,0,0,0,0,Europe
1315,2020-01-29,Argentina,0,0,0,0,0,0,0,Americas
1344,2020-01-29,Chile,0,0,0,0,0,0,0,Americas
1360,2020-01-29,Ecuador,0,0,0,0,0,0,0,Americas
1420,2020-01-29,Mexico,0,0,0,0,0,0,0,Americas
1466,2020-01-29,Spain,0,0,0,0,0,0,0,Europe
1502,2020-01-30,Argentina,0,0,0,0,0,0,0,Americas
1531,2020-01-30,Chile,0,0,0,0,0,0,0,Americas
1547,2020-01-30,Ecuador,0,0,0,0,0,0,0,Americas
1607,2020-01-30,Mexico,0,0,0,0,0,0,0,Americas
1653,2020-01-30,Spain,0,0,0,0,0,0,0,Europe
1689,2020-01-31,Argentina,0,0,0,0,0,0,0,Americas
1718,2020-01-31,Chile,0,0,0,0,0,0,0,Americas
1734,2020-01-31,Ecuador,0,0,0,0,0,0,0,Americas
1794,2020-01-31,Mexico,0,0,0,0,0,0,0,Americas
1840,2020-01-31,Spain,0,0,0,0,0,0,0,Europe
1876,2020-02-01,Argentina,0,0,0,0,0,0,0,Americas
1905,2020-02-01,Chile,0,0,0,0,0,0,0,Americas
1921,2020-02-01,Ecuador,0,0,0,0,0,0,0,Americas
1981,2020-02-01,Mexico,0,0,0,0,0,0,0,Americas
2027,2020-02-01,Spain,1,0,0,1,1,0,0,Europe
2063,2020-02-02,Argentina,0,0,0,0,0,0,0,Americas
2092,2020-02-02,Chile,0,0,0,0,0,0,0,Americas
2108,2020-02-02,Ecuador,0,0,0,0,0,0,0,Americas
2168,2020-02-02,Mexico,0,0,0,0,0,0,0,Americas
2214,2020-02-02,Spain,1,0,0,1,0,0,0,Europe
2250,2020-02-03,Argentina,0,0,0,0,0,0,0,Americas
2279,2020-02-03,Chile,0,0,0,0,0,0,0,Americas
2295,2020-02-03,Ecuador,0,0,0,0,0,0,0,Americas
2355,2020-02-03,Mexico,0,0,0,0,0,0,0,Americas
2401,2020-02-03,Spain,1,0,0,1,0,0,0,Europe
2437,2020-02-04,Argentina,0,0,0,0,0,0,0,Americas
2466,2020-02-04,Chile,0,0,0,0,0,0,0,Americas
2482,2020-02-04,Ecuador,0,0,0,0,0,0,0,Americas
2542,2020-02-04,Mexico,0,0,0,0,0,0,0,Americas
2588,2020-02-04,Spain,1,0,0,1,0,0,0,Europe
2624,2020-02-05,Argentina,0,0,0,0,0,0,0,Americas
2653,2020-02-05,Chile,0,0,0,0,0,0,0,Americas
2669,2020-02-05,Ecuador,0,0,0,0,0,0,0,Americas
2729,2020-02-05,Mexico,0,0,0,0,0,0,0,Americas
2775,2020-02-05,Spain,1,0,0,1,0,0,0,Europe
2811,2020-02-06,Argentina,0,0,0,0,0,0,0,Americas
2840,2020-02-06,Chile,0,0,0,0,0,0,0,Americas
2856,2020-02-06,Ecuador,0,0,0,0,0,0,0,Americas
2916,2020-02-06,Mexico,0,0,0,0,0,0,0,Americas
2962,2020-02-06,Spain,1,0,0,1,0,0,0,Europe
2998,2020-02-07,Argentina,0,0,0,0,0,0,0,Americas
3027,2020-02-07,Chile,0,0,0,0,0,0,0,Americas
3043,2020-02-07,Ecuador,0,0,0,0,0,0,0,Americas
3103,2020-02-07,Mexico,0,0,0,0,0,0,0,Americas
3149,2020-02-07,Spain,1,0,0,1,0,0,0,Europe
3185,2020-02-08,Argentina,0,0,0,0,0,0,0,Americas
3214,2020-02-08,Chile,0,0,0,0,0,0,0,Americas
3230,2020-02-08,Ecuador,0,0,0,0,0,0,0,Americas
3290,2020-02-08,Mexico,0,0,0,0,0,0,0,Americas
3336,2020-02-08,Spain,1,0,0,1,0,0,0,Europe
3372,2020-02-09,Argentina,0,0,0,0,0,0,0,Americas
3401,2020-02-09,Chile,0,0,0,0,0,0,0,Americas
3417,2020-02-09,Ecuador,0,0,0,0,0,0,0,Americas
3477,2020-02-09,Mexico,0,0,0,0,0,0,0,Americas
3523,2020-02-09,Spain,2,0,0,2,1,0,0,Europe
3559,2020-02-10,Argentina,0,0,0,0,0,0,0,Americas
3588,2020-02-10,Chile,0,0,0,0,0,0,0,Americas
3604,2020-02-10,Ecuador,0,0,0,0,0,0,0,Americas
3664,2020-02-10,Mexico,0,0,0,0,0,0,0,Americas
3710,2020-02-10,Spain,2,0,0,2,0,0,0,Europe
3746,2020-02-11,Argentina,0,0,0,0,0,0,0,Americas
3775,2020-02-11,Chile,0,0,0,0,0,0,0,Americas
3791,2020-02-11,Ecuador,0,0,0,0,0,0,0,Americas
3851,2020-02-11,Mexico,0,0,0,0,0,0,0,Americas
3897,2020-02-11,Spain,2,0,0,2,0,0,0,Europe
3933,2020-02-12,Argentina,0,0,0,0,0,0,0,Americas
3962,2020-02-12,Chile,0,0,0,0,0,0,0,Americas
3978,2020-02-12,Ecuador,0,0,0,0,0,0,0,Americas
4038,2020-02-12,Mexico,0,0,0,0,0,0,0,Americas
4084,2020-02-12,Spain,2,0,0,2,0,0,0,Europe
4120,2020-02-13,Argentina,0,0,0,0,0,0,0,Americas
4149,2020-02-13,Chile,0,0,0,0,0,0,0,Americas
4165,2020-02-13,Ecuador,0,0,0,0,0,0,0,Americas
4225,2020-02-13,Mexico,0,0,0,0,0,0,0,Americas
4271,2020-02-13,Spain,2,0,0,2,0,0,0,Europe
4307,2020-02-14,Argentina,0,0,0,0,0,0,0,Americas
4336,2020-02-14,Chile,0,0,0,0,0,0,0,Americas
4352,2020-02-14,Ecuador,0,0,0,0,0,0,0,Americas
4412,2020-02-14,Mexico,0,0,0,0,0,0,0,Americas
4458,2020-02-14,Spain,2,0,0,2,0,0,0,Europe
4494,2020-02-15,Argentina,0,0,0,0,0,0,0,Americas
4523,2020-02-15,Chile,0,0,0,0,0,0,0,Americas
4539,2020-02-15,Ecuador,0,0,0,0,0,0,0,Americas
4599,2020-02-15,Mexico,0,0,0,0,0,0,0,Americas
4645,2020-02-15,Spain,2,0,2,0,0,0,2,Europe
4681,2020-02-16,Argentina,0,0,0,0,0,0,0,Americas
4710,2020-02-16,Chile,0,0,0,0,0,0,0,Americas
4726,2020-02-16,Ecuador,0,0,0,0,0,0,0,Americas
4786,2020-02-16,Mexico,0,0,0,0,0,0,0,Americas
4832,2020-02-16,Spain,2,0,2,0,0,0,0,Europe
4868,2020-02-17,Argentina,0,0,0,0,0,0,0,Americas
4897,2020-02-17,Chile,0,0,0,0,0,0,0,Americas
4913,2020-02-17,Ecuador,0,0,0,0,0,0,0,Americas
4973,2020-02-17,Mexico,0,0,0,0,0,0,0,Americas
5019,2020-02-17,Spain,2,0,2,0,0,0,0,Europe
5055,2020-02-18,Argentina,0,0,0,0,0,0,0,Americas
5084,2020-02-18,Chile,0,0,0,0,0,0,0,Americas
5100,2020-02-18,Ecuador,0,0,0,0,0,0,0,Americas
5160,2020-02-18,Mexico,0,0,0,0,0,0,0,Americas
5206,2020-02-18,Spain,2,0,2,0,0,0,0,Europe
5242,2020-02-19,Argentina,0,0,0,0,0,0,0,Americas
5271,2020-02-19,Chile,0,0,0,0,0,0,0,Americas
5287,2020-02-19,Ecuador,0,0,0,0,0,0,0,Americas
5347,2020-02-19,Mexico,0,0,0,0,0,0,0,Americas
5393,2020-02-19,Spain,2,0,2,0,0,0,0,Europe
5429,2020-02-20,Argentina,0,0,0,0,0,0,0,Americas
5458,2020-02-20,Chile,0,0,0,0,0,0,0,Americas
5474,2020-02-20,Ecuador,0,0,0,0,0,0,0,Americas
5534,2020-02-20,Mexico,0,0,0,0,0,0,0,Americas
5580,2020-02-20,Spain,2,0,2,0,0,0,0,Europe
5616,2020-02-21,Argentina,0,0,0,0,0,0,0,Americas
5645,2020-02-21,Chile,0,0,0,0,0,0,0,Americas
5661,2020-02-21,Ecuador,0,0,0,0,0,0,0,Americas
5721,2020-02-21,Mexico,0,0,0,0,0,0,0,Americas
5767,2020-02-21,Spain,2,0,2,0,0,0,0,Europe
5803,2020-02-22,Argentina,0,0,0,0,0,0,0,Americas
5832,2020-02-22,Chile,0,0,0,0,0,0,0,Americas
5848,2020-02-22,Ecuador,0,0,0,0,0,0,0,Americas
5908,2020-02-22,Mexico,0,0,0,0,0,0,0,Americas
5954,2020-02-22,Spain,2,0,2,0,0,0,0,Europe
5990,2020-02-23,Argentina,0,0,0,0,0,0,0,Americas
6019,2020-02-23,Chile,2,0,0,2,2,0,0,Americas
6035,2020-02-23,Ecuador,0,0,0,0,0,0,0,Americas
6095,2020-02-23,Mexico,0,0,0,0,0,0,0,Americas
6141,2020-02-23,Spain,2,0,2,0,0,0,0,Europe
6177,2020-02-24,Argentina,0,0,0,0,0,0,0,Americas
6206,2020-02-24,Chile,2,0,0,2,0,0,0,Americas
6222,2020-02-24,Ecuador,0,0,0,0,0,0,0,Americas
6282,2020-02-24,Mexico,0,0,0,0,0,0,0,Americas
6328,2020-02-24,Spain,2,0,2,0,0,0,0,Europe
6364,2020-02-25,Argentina,0,0,0,0,0,0,0,Americas
6393,2020-02-25,Chile,2,0,0,2,0,0,0,Americas
6409,2020-02-25,Ecuador,0,0,0,0,0,0,0,Americas
6469,2020-02-25,Mexico,0,0,0,0,0,0,0,Americas
6515,2020-02-25,Spain,6,0,2,4,4,0,0,Europe
6551,2020-02-26,Argentina,0,0,0,0,0,0,0,Americas
6580,2020-02-26,Chile,2,0,0,2,0,0,0,Americas
6596,2020-02-26,Ecuador,0,0,0,0,0,0,0,Americas
6656,2020-02-26,Mexico,0,0,0,0,0,0,0,Americas
6702,2020-02-26,Spain,13,0,2,11,7,0,0,Europe
6738,2020-02-27,Argentina,0,0,0,0,0,0,0,Americas
6767,2020-02-27,Chile,2,0,0,2,0,0,0,Americas
6783,2020-02-27,Ecuador,0,0,0,0,0,0,0,Americas
6843,2020-02-27,Mexico,0,0,0,0,0,0,0,Americas
6889,2020-02-27,Spain,15,0,2,13,2,0,0,Europe
6925,2020-02-28,Argentina,0,0,0,0,0,0,0,Americas
6954,2020-02-28,Chile,2,0,0,2,0,0,0,Americas
6970,2020-02-28,Ecuador,0,0,0,0,0,0,0,Americas
7030,2020-02-28,Mexico,1,0,0,1,1,0,0,Americas
7076,2020-02-28,Spain,32,0,2,30,17,0,0,Europe
7112,2020-02-29,Argentina,0,0,0,0,0,0,0,Americas
7141,2020-02-29,Chile,2,0,0,2,0,0,0,Americas
7157,2020-02-29,Ecuador,0,0,0,0,0,0,0,Americas
7217,2020-02-29,Mexico,4,0,0,4,3,0,0,Americas
7263,2020-02-29,Spain,45,0,2,43,13,0,0,Europe
7299,2020-03-01,Argentina,0,0,0,0,0,0,0,Americas
7328,2020-03-01,Chile,9,0,0,9,7,0,0,Americas
7344,2020-03-01,Ecuador,6,0,0,6,6,0,0,Americas
7404,2020-03-01,Mexico,5,0,0,5,1,0,0,Americas
7450,2020-03-01,Spain,84,0,2,82,39,0,0,Europe
7486,2020-03-02,Argentina,0,0,0,0,0,0,0,Americas
7515,2020-03-02,Chile,9,0,0,9,0,0,0,Americas
7531,2020-03-02,Ecuador,6,0,0,6,0,0,0,Americas
7591,2020-03-02,Mexico,5,0,0,5,0,0,0,Americas
7637,2020-03-02,Spain,120,0,2,118,36,0,0,Europe
7673,2020-03-03,Argentina,1,0,0,1,1,0,0,Americas
7702,2020-03-03,Chile,10,0,0,10,1,0,0,Americas
7718,2020-03-03,Ecuador,7,0,0,7,1,0,0,Americas
7778,2020-03-03,Mexico,5,0,1,4,0,0,1,Americas
7824,2020-03-03,Spain,165,1,2,162,45,1,0,Europe
7860,2020-03-04,Argentina,1,0,0,1,0,0,0,Americas
7889,2020-03-04,Chile,10,0,0,10,0,0,0,Americas
7905,2020-03-04,Ecuador,10,0,0,10,3,0,0,Americas
7965,2020-03-04,Mexico,5,0,1,4,0,0,0,Americas
8011,2020-03-04,Spain,222,2,2,218,57,1,0,Europe
8047,2020-03-05,Argentina,1,0,0,1,0,0,0,Americas
8076,2020-03-05,Chile,13,0,0,13,3,0,0,Americas
8092,2020-03-05,Ecuador,13,0,0,13,3,0,0,Americas
8152,2020-03-05,Mexico,5,0,1,4,0,0,0,Americas
8198,2020-03-05,Spain,259,3,2,254,37,1,0,Europe
8234,2020-03-06,Argentina,2,0,0,2,1,0,0,Americas
8263,2020-03-06,Chile,13,0,0,13,0,0,0,Americas
8279,2020-03-06,Ecuador,13,0,0,13,0,0,0,Americas
8339,2020-03-06,Mexico,6,0,1,5,1,0,0,Americas
8385,2020-03-06,Spain,400,5,2,393,141,2,0,Europe
8421,2020-03-07,Argentina,8,0,0,8,6,0,0,Americas
8450,2020-03-07,Chile,13,0,0,13,0,0,0,Americas
8466,2020-03-07,Ecuador,13,0,0,13,0,0,0,Americas
8526,2020-03-07,Mexico,6,0,1,5,0,0,0,Americas
8572,2020-03-07,Spain,500,10,30,460,100,5,28,Europe
8608,2020-03-08,Argentina,12,1,0,11,4,1,0,Americas
8637,2020-03-08,Chile,20,0,0,20,7,0,0,Americas
8653,2020-03-08,Ecuador,14,0,0,14,1,0,0,Americas
8713,2020-03-08,Mexico,7,0,1,6,1,0,0,Americas
8759,2020-03-08,Spain,673,17,30,626,173,7,0,Europe
8795,2020-03-09,Argentina,12,1,0,11,0,0,0,Americas
8824,2020-03-09,Chile,20,0,0,20,0,0,0,Americas
8840,2020-03-09,Ecuador,15,0,0,15,1,0,0,Americas
8900,2020-03-09,Mexico,7,0,1,6,0,0,0,Americas
8946,2020-03-09,Spain,1073,28,32,1013,400,11,2,Europe
8982,2020-03-10,Argentina,17,1,0,16,5,0,0,Americas
9011,2020-03-10,Chile,25,0,0,25,5,0,0,Americas
9027,2020-03-10,Ecuador,15,0,0,15,0,0,0,Americas
9087,2020-03-10,Mexico,7,0,4,3,0,0,3,Americas
9133,2020-03-10,Spain,1695,35,32,1628,622,7,0,Europe
9169,2020-03-11,Argentina,19,1,0,18,2,0,0,Americas
9198,2020-03-11,Chile,35,0,0,35,10,0,0,Americas
9214,2020-03-11,Ecuador,17,0,0,17,2,0,0,Americas
9274,2020-03-11,Mexico,8,0,4,4,1,0,0,Americas
9320,2020-03-11,Spain,2277,54,183,2040,582,19,151,Europe
9356,2020-03-12,Argentina,19,1,0,18,0,0,0,Americas
9385,2020-03-12,Chile,35,0,0,35,0,0,0,Americas
9401,2020-03-12,Ecuador,17,0,0,17,0,0,0,Americas
9461,2020-03-12,Mexico,12,0,4,8,4,0,0,Americas
9507,2020-03-12,Spain,2277,55,183,2039,0,1,0,Europe
9543,2020-03-13,Argentina,31,2,0,29,12,1,0,Americas
9572,2020-03-13,Chile,55,0,0,55,20,0,0,Americas
9588,2020-03-13,Ecuador,17,0,0,17,0,0,0,Americas
9648,2020-03-13,Mexico,26,0,4,22,14,0,0,Americas
9694,2020-03-13,Spain,5232,133,193,4906,2955,78,10,Europe
9730,2020-03-14,Argentina,34,2,1,31,3,0,1,Americas
9759,2020-03-14,Chile,88,0,0,88,33,0,0,Americas
9775,2020-03-14,Ecuador,28,2,0,26,11,2,0,Americas
9835,2020-03-14,Mexico,41,0,4,37,15,0,0,Americas
9881,2020-03-14,Spain,6391,195,517,5679,1159,62,324,Europe
9917,2020-03-15,Argentina,45,2,1,42,11,0,0,Americas
9946,2020-03-15,Chile,101,0,0,101,13,0,0,Americas
9962,2020-03-15,Ecuador,28,2,0,26,0,0,0,Americas
10022,2020-03-15,Mexico,53,0,4,49,12,0,0,Americas
10068,2020-03-15,Spain,7798,289,517,6992,1407,94,0,Europe
10104,2020-03-16,Argentina,56,2,1,53,11,0,0,Americas
10133,2020-03-16,Chile,182,0,0,182,81,0,0,Americas
10149,2020-03-16,Ecuador,37,2,0,35,9,0,0,Americas
10209,2020-03-16,Mexico,82,0,4,78,29,0,0,Americas
10255,2020-03-16,Spain,9942,342,530,9070,2144,53,13,Europe
10291,2020-03-17,Argentina,68,2,3,63,12,0,2,Americas
10320,2020-03-17,Chile,228,0,0,228,46,0,0,Americas
10336,2020-03-17,Ecuador,58,2,0,56,21,0,0,Americas
10396,2020-03-17,Mexico,93,0,4,89,11,0,0,Americas
10442,2020-03-17,Spain,11748,533,1028,10187,1806,191,498,Europe
10478,2020-03-18,Argentina,79,2,3,74,11,0,0,Americas
10507,2020-03-18,Chile,265,0,0,265,37,0,0,Americas
10523,2020-03-18,Ecuador,111,2,0,109,53,0,0,Americas
10583,2020-03-18,Mexico,118,0,4,114,25,0,0,Americas
10629,2020-03-18,Spain,13910,623,1081,12206,2162,90,53,Europe
10665,2020-03-19,Argentina,97,3,3,91,18,1,0,Americas
10694,2020-03-19,Chile,265,0,0,265,0,0,0,Americas
10710,2020-03-19,Ecuador,199,3,0,196,88,1,0,Americas
10770,2020-03-19,Mexico,164,1,4,159,46,1,0,Americas
10816,2020-03-19,Spain,17963,830,1107,16026,4053,207,26,Europe
10852,2020-03-20,Argentina,128,3,3,122,31,0,0,Americas
10881,2020-03-20,Chile,461,0,6,455,196,0,6,Americas
10897,2020-03-20,Ecuador,367,5,0,362,168,2,0,Americas
10957,2020-03-20,Mexico,203,2,4,197,39,1,0,Americas
11003,2020-03-20,Spain,20410,1043,1588,17779,2447,213,481,Europe
11039,2020-03-21,Argentina,158,4,3,151,30,1,0,Americas
11068,2020-03-21,Chile,592,0,6,586,131,0,0,Americas
11084,2020-03-21,Ecuador,506,7,3,496,139,2,3,Americas
11144,2020-03-21,Mexico,251,2,4,245,48,0,0,Americas
11190,2020-03-21,Spain,25374,1375,2125,21874,4964,332,537,Europe
11226,2020-03-22,Argentina,266,4,3,259,108,0,0,Americas
11255,2020-03-22,Chile,687,1,8,678,95,1,2,Americas
11271,2020-03-22,Ecuador,789,14,3,772,283,7,0,Americas
11331,2020-03-22,Mexico,316,3,4,309,65,1,0,Americas
11377,2020-03-22,Spain,28768,1772,2575,24421,3394,397,450,Europe
11413,2020-03-23,Argentina,301,4,3,294,35,0,0,Americas
11442,2020-03-23,Chile,801,2,8,791,114,1,0,Americas
11458,2020-03-23,Ecuador,981,18,3,960,192,4,0,Americas
11518,2020-03-23,Mexico,367,4,4,359,51,1,0,Americas
11564,2020-03-23,Spain,35136,2311,2575,30250,6368,539,0,Europe
11600,2020-03-24,Argentina,387,6,52,329,86,2,49,Americas
11629,2020-03-24,Chile,977,2,17,958,176,0,9,Americas
11645,2020-03-24,Ecuador,1082,27,3,1052,101,9,0,Americas
11705,2020-03-24,Mexico,405,5,4,396,38,1,0,Americas
11751,2020-03-24,Spain,39885,2808,3794,33283,4749,497,1219,Europe
11787,2020-03-25,Argentina,387,8,52,327,0,2,0,Americas
11816,2020-03-25,Chile,1197,3,22,1172,220,1,5,Americas
11832,2020-03-25,Ecuador,1173,28,3,1142,91,1,0,Americas
11892,2020-03-25,Mexico,475,6,4,465,70,1,0,Americas
11938,2020-03-25,Spain,49515,3647,5367,40501,9630,839,1573,Europe
11974,2020-03-26,Argentina,502,9,63,430,115,1,11,Americas
12003,2020-03-26,Chile,1361,4,22,1335,164,1,0,Americas
12019,2020-03-26,Ecuador,1403,34,3,1366,230,6,0,Americas
12079,2020-03-26,Mexico,585,8,4,573,110,2,0,Americas
12125,2020-03-26,Spain,57786,4365,7015,46406,8271,718,1648,Europe
12161,2020-03-27,Argentina,589,13,72,504,87,4,9,Americas
12190,2020-03-27,Chile,1665,5,43,1617,304,1,21,Americas
12206,2020-03-27,Ecuador,1595,36,3,1556,192,2,0,Americas
12266,2020-03-27,Mexico,717,12,4,701,132,4,0,Americas
12312,2020-03-27,Spain,65719,5138,9357,51224,7933,773,2342,Europe
12348,2020-03-28,Argentina,690,18,72,600,101,5,0,Americas
12377,2020-03-28,Chile,2015,6,61,1948,350,1,18,Americas
12393,2020-03-28,Ecuador,1823,48,3,1772,228,12,0,Americas
12453,2020-03-28,Mexico,848,16,4,828,131,4,0,Americas
12499,2020-03-28,Spain,73235,5982,12285,54968,7516,844,2928,Europe
12535,2020-03-29,Argentina,745,19,72,654,55,1,0,Americas
12564,2020-03-29,Chile,2245,7,75,2163,230,1,14,Americas
12580,2020-03-29,Ecuador,1924,58,3,1863,101,10,0,Americas
12640,2020-03-29,Mexico,993,20,4,969,145,4,0,Americas
12686,2020-03-29,Spain,80110,6803,14709,58598,6875,821,2424,Europe
12722,2020-03-30,Argentina,820,23,228,569,75,4,156,Americas
12751,2020-03-30,Chile,2555,8,156,2391,310,1,81,Americas
12767,2020-03-30,Ecuador,1962,60,3,1899,38,2,0,Americas
12827,2020-03-30,Mexico,1094,28,35,1031,101,8,31,Americas
12873,2020-03-30,Spain,87956,7716,16780,63460,7846,913,2071,Europe
12909,2020-03-31,Argentina,1054,27,240,787,234,4,12,Americas
12938,2020-03-31,Chile,2844,12,156,2676,289,4,0,Americas
12954,2020-03-31,Ecuador,2240,75,54,2111,278,15,51,Americas
13014,2020-03-31,Mexico,1215,29,35,1151,121,1,0,Americas
13060,2020-03-31,Spain,95923,8464,19259,68200,7967,748,2479,Europe
13096,2020-04-01,Argentina,1054,28,248,778,0,1,8,Americas
13125,2020-04-01,Chile,3137,16,234,2887,293,4,78,Americas
13141,2020-04-01,Ecuador,2748,93,58,2597,508,18,4,Americas
13201,2020-04-01,Mexico,1378,37,35,1306,163,8,0,Americas
13247,2020-04-01,Spain,104118,9387,22647,72084,8195,923,3388,Europe
13283,2020-04-02,Argentina,1133,36,256,841,79,8,8,Americas
13312,2020-04-02,Chile,3510,18,335,3157,373,2,101,Americas
13328,2020-04-02,Ecuador,3163,120,65,2978,415,27,7,Americas
13388,2020-04-02,Mexico,1510,50,35,1425,132,13,0,Americas
13434,2020-04-02,Spain,112065,10348,26743,74974,7947,961,4096,Europe
13470,2020-04-03,Argentina,1265,39,266,960,132,3,10,Americas
13499,2020-04-03,Chile,3843,22,427,3394,333,4,92,Americas
13515,2020-04-03,Ecuador,3368,145,65,3158,205,25,0,Americas
13575,2020-04-03,Mexico,1688,60,633,995,178,10,598,Americas
13621,2020-04-03,Spain,119199,11198,30513,77488,7134,850,3770,Europe
13657,2020-04-04,Argentina,1451,43,279,1129,186,4,13,Americas
13686,2020-04-04,Chile,4355,27,528,3800,512,5,101,Americas
13702,2020-04-04,Ecuador,3465,172,100,3193,97,27,35,Americas
13762,2020-04-04,Mexico,1890,79,633,1178,202,19,0,Americas
13808,2020-04-04,Spain,126168,11947,34219,80002,6969,749,3706,Europe
13844,2020-04-05,Argentina,1451,44,280,1127,0,1,1,Americas
13873,2020-04-05,Chile,4665,34,618,4013,310,7,90,Americas
13889,2020-04-05,Ecuador,3646,180,100,3366,181,8,0,Americas
13949,2020-04-05,Mexico,2143,94,633,1416,253,15,0,Americas
13995,2020-04-05,Spain,131646,12641,38080,80925,5478,694,3861,Europe
14031,2020-04-06,Argentina,1554,48,325,1181,103,4,45,Americas
14060,2020-04-06,Chile,5009,37,728,4244,344,3,110,Americas
14076,2020-04-06,Ecuador,3747,191,100,3456,101,11,0,Americas
14136,2020-04-06,Mexico,2439,125,633,1681,296,31,0,Americas
14182,2020-04-06,Spain,136675,13341,40437,82897,5029,700,2357,Europe
14218,2020-04-07,Argentina,1628,56,338,1234,74,8,13,Americas
14247,2020-04-07,Chile,5310,43,898,4369,301,6,170,Americas
14263,2020-04-07,Ecuador,3747,191,100,3456,0,0,0,Americas
14323,2020-04-07,Mexico,2785,141,633,2011,346,16,0,Americas
14369,2020-04-07,Spain,141942,14045,43208,84689,5267,704,2771,Europe
14405,2020-04-08,Argentina,1715,63,358,1294,87,7,20,Americas
14434,2020-04-08,Chile,5740,48,1115,4577,430,5,217,Americas
14450,2020-04-08,Ecuador,4450,242,140,4068,703,51,40,Americas
14510,2020-04-08,Mexico,3181,174,633,2374,396,33,0,Americas
14556,2020-04-08,Spain,148220,14792,48021,85407,6278,747,4813,Europe
14592,2020-04-09,Argentina,1795,72,365,1358,80,9,7,Americas
14621,2020-04-09,Chile,6166,57,1274,4835,426,9,159,Americas
14637,2020-04-09,Ecuador,4965,272,339,4354,515,30,199,Americas
14697,2020-04-09,Mexico,3441,194,633,2614,260,20,0,Americas
14743,2020-04-09,Spain,153222,15447,52165,85610,5002,655,4144,Europe
14779,2020-04-10,Argentina,1975,82,375,1518,180,10,10,Americas
14808,2020-04-10,Chile,6695,65,1571,5059,529,8,297,Americas
14824,2020-04-10,Ecuador,7161,297,368,6496,2196,25,29,Americas
14884,2020-04-10,Mexico,3844,233,633,2978,403,39,0,Americas
14930,2020-04-10,Spain,158273,16081,55668,86524,5051,634,3503,Europe
14966,2020-04-11,Argentina,1975,83,440,1452,0,1,65,Americas
14995,2020-04-11,Chile,7366,73,1864,5429,671,8,293,Americas
15011,2020-04-11,Ecuador,7257,315,411,6531,96,18,43,Americas
15071,2020-04-11,Mexico,4219,273,633,3313,375,40,0,Americas
15117,2020-04-11,Spain,163027,16606,59109,87312,4754,525,3441,Europe
15153,2020-04-12,Argentina,2142,90,468,1584,167,7,28,Americas
15182,2020-04-12,Chile,7652,80,2059,5513,286,7,195,Americas
15198,2020-04-12,Ecuador,7466,333,501,6632,209,18,90,Americas
15258,2020-04-12,Mexico,4661,296,1772,2593,442,23,1139,Americas
15304,2020-04-12,Spain,166831,17209,62391,87231,3804,603,3282,Europe
15340,2020-04-13,Argentina,2208,97,515,1596,66,7,47,Americas
15369,2020-04-13,Chile,7964,82,2367,5515,312,2,308,Americas
15385,2020-04-13,Ecuador,7529,355,597,6577,63,22,96,Americas
15445,2020-04-13,Mexico,5014,332,1843,2839,353,36,71,Americas
15491,2020-04-13,Spain,170099,17756,64727,87616,3268,547,2336,Europe
15527,2020-04-14,Argentina,2277,102,559,1616,69,5,44,Americas
15556,2020-04-14,Chile,8356,92,2646,5618,392,10,279,Americas
15572,2020-04-14,Ecuador,7603,369,696,6538,74,14,99,Americas
15632,2020-04-14,Mexico,5399,406,1964,3029,385,74,121,Americas
15678,2020-04-14,Spain,172541,18056,67504,86981,2442,300,2777,Europe
15714,2020-04-15,Argentina,2443,111,596,1736,166,9,37,Americas
15743,2020-04-15,Chile,8712,94,2937,5681,356,2,291,Americas
15759,2020-04-15,Ecuador,7858,388,780,6690,255,19,84,Americas
15819,2020-04-15,Mexico,5847,449,2125,3273,448,43,161,Americas
15865,2020-04-15,Spain,177644,18708,70853,88083,5103,652,3349,Europe
15901,2020-04-16,Argentina,2571,115,631,1825,128,4,35,Americas
15930,2020-04-16,Chile,9246,105,3299,5842,534,11,362,Americas
15946,2020-04-16,Ecuador,8225,403,838,6984,367,15,58,Americas
16006,2020-04-16,Mexico,6297,486,2125,3686,450,37,0,Americas
16052,2020-04-16,Spain,184948,19315,74797,90836,7304,607,3944,Europe
16088,2020-04-17,Argentina,2669,123,666,1880,98,8,35,Americas
16117,2020-04-17,Chile,9691,116,3621,5954,445,11,322,Americas
16133,2020-04-17,Ecuador,8450,421,838,7191,225,18,0,Americas
16193,2020-04-17,Mexico,6875,546,2125,4204,578,60,0,Americas
16239,2020-04-17,Spain,190839,20002,74797,96040,5891,687,0,Europe
16275,2020-04-18,Argentina,2758,129,685,1944,89,6,19,Americas
16304,2020-04-18,Chile,10598,126,4035,6437,907,10,414,Americas
16320,2020-04-18,Ecuador,9022,456,1008,7558,572,35,170,Americas
16380,2020-04-18,Mexico,7497,650,2125,4722,622,104,0,Americas
16426,2020-04-18,Spain,191726,20043,74797,96886,887,41,0,Europe
16462,2020-04-19,Argentina,2839,132,709,1998,81,3,24,Americas
16491,2020-04-19,Chile,10956,133,4338,6485,358,7,303,Americas
16507,2020-04-19,Ecuador,9468,474,1061,7933,446,18,53,Americas
16567,2020-04-19,Mexico,8261,686,2627,4948,764,36,502,Americas
16613,2020-04-19,Spain,198674,20453,77357,100864,6948,410,2560,Europe
16649,2020-04-20,Argentina,2941,136,737,2068,102,4,28,Americas
16678,2020-04-20,Chile,11375,139,4676,6560,419,6,338,Americas
16694,2020-04-20,Ecuador,10128,507,1150,8471,660,33,89,Americas
16754,2020-04-20,Mexico,8772,712,2627,5433,511,26,0,Americas
16800,2020-04-20,Spain,200210,20852,80587,98771,1536,399,3230,Europe
16836,2020-04-21,Argentina,3031,147,840,2044,90,11,103,Americas
16865,2020-04-21,Chile,11700,147,4969,6584,325,8,293,Americas
16881,2020-04-21,Ecuador,10398,520,1207,8671,270,13,57,Americas
16941,2020-04-21,Mexico,9501,857,2627,6017,729,145,0,Americas
16987,2020-04-21,Spain,204178,21282,82514,100382,3968,430,1927,Europe
17023,2020-04-22,Argentina,3144,152,872,2120,113,5,32,Americas
17052,2020-04-22,Chile,12164,160,5386,6618,464,13,417,Americas
17068,2020-04-22,Ecuador,10850,537,1262,9051,452,17,55,Americas
17128,2020-04-22,Mexico,10544,970,2627,6947,1043,113,0,Americas
17174,2020-04-22,Spain,208389,21717,85915,100757,4211,435,3401,Europe
17210,2020-04-23,Argentina,3435,165,919,2351,291,13,47,Americas
17239,2020-04-23,Chile,12680,168,5804,6708,516,8,418,Americas
17255,2020-04-23,Ecuador,11183,560,1328,9295,333,23,66,Americas
17315,2020-04-23,Mexico,11633,1069,2627,7937,1089,99,0,Americas
17361,2020-04-23,Spain,213024,22157,89250,101617,4635,440,3335,Europe
17397,2020-04-24,Argentina,3607,176,976,2455,172,11,57,Americas
17426,2020-04-24,Chile,13174,174,6327,6673,494,6,523,Americas
17442,2020-04-24,Ecuador,22719,576,1366,20777,11536,16,38,Americas
17502,2020-04-24,Mexico,12872,1221,2627,9024,1239,152,0,Americas
17548,2020-04-24,Spain,202990,22524,92355,88111,0,367,3105,Europe
17584,2020-04-25,Argentina,3780,185,1030,2565,173,9,54,Americas
17613,2020-04-25,Chile,14537,181,6746,7610,1363,7,419,Americas
17629,2020-04-25,Ecuador,22719,576,1366,20777,0,0,0,Americas
17689,2020-04-25,Mexico,13842,1305,7149,5388,970,84,4522,Americas
17735,2020-04-25,Spain,205905,22902,95708,87295,2915,378,3353,Europe
17771,2020-04-26,Argentina,3892,192,1107,2593,112,7,77,Americas
17800,2020-04-26,Chile,15010,189,7024,7797,473,8,278,Americas
17816,2020-04-26,Ecuador,22719,576,1366,20777,0,0,0,Americas
17876,2020-04-26,Mexico,14677,1351,8354,4972,835,46,1205,Americas
17922,2020-04-26,Spain,207634,23190,98372,86072,1729,288,2664,Europe
17958,2020-04-27,Argentina,4003,197,1140,2666,111,5,33,Americas
17987,2020-04-27,Chile,15492,198,7327,7967,482,9,303,Americas
18003,2020-04-27,Ecuador,23240,663,1557,21020,521,87,191,Americas
18063,2020-04-27,Mexico,15529,1434,9086,5009,852,83,732,Americas
18109,2020-04-27,Spain,209465,23521,100875,85069,1831,331,2503,Europe
18145,2020-04-28,Argentina,4127,207,1162,2758,124,10,22,Americas
18174,2020-04-28,Chile,16044,207,7710,8127,552,9,383,Americas
18190,2020-04-28,Ecuador,24258,871,1557,21830,1018,208,0,Americas
18250,2020-04-28,Mexico,16752,1569,11423,3760,1223,135,2337,Americas
18296,2020-04-28,Spain,210773,23822,102548,84403,1308,301,1673,Europe
18332,2020-04-29,Argentina,4285,214,1192,2879,158,7,30,Americas
18361,2020-04-29,Chile,16564,216,8057,8291,520,9,347,Americas
18377,2020-04-29,Ecuador,24675,883,1557,22235,417,12,0,Americas
18437,2020-04-29,Mexico,17799,1732,11423,4644,1047,163,0,Americas
18483,2020-04-29,Spain,212917,24275,108947,79695,2144,453,6399,Europe
18519,2020-04-30,Argentina,4428,218,1256,2954,143,4,64,Americas
18548,2020-04-30,Chile,17702,227,8580,8895,1138,11,523,Americas
18564,2020-04-30,Ecuador,24934,900,1558,22476,259,17,1,Americas
18624,2020-04-30,Mexico,19224,1859,11423,5942,1425,127,0,Americas
18670,2020-04-30,Spain,213435,24543,112050,76842,518,268,3103,Europe
18706,2020-05-01,Argentina,4532,225,1292,3015,104,7,36,Americas
18735,2020-05-01,Chile,18687,234,9018,9435,985,7,438,Americas
18751,2020-05-01,Ecuador,26336,1063,1913,23360,1402,163,355,Americas
18811,2020-05-01,Mexico,20739,1972,12377,6390,1515,113,954,Americas
18857,2020-05-01,Spain,215216,24543,112050,78623,1781,0,0,Europe
18893,2020-05-02,Argentina,4681,237,1320,3124,149,12,28,Americas
18922,2020-05-02,Chile,21213,247,9572,11394,2526,13,554,Americas
18938,2020-05-02,Ecuador,27464,1371,2132,23961,1128,308,219,Americas
18998,2020-05-02,Mexico,22088,2061,12377,7650,1349,89,0,Americas
19044,2020-05-02,Spain,216582,25100,117248,74234,1366,557,5198,Europe
19080,2020-05-03,Argentina,4783,246,1354,3183,102,9,34,Americas
19109,2020-05-03,Chile,22441,260,10041,12140,1228,13,469,Americas
19125,2020-05-03,Ecuador,29538,1564,3300,24674,2074,193,1168,Americas
19185,2020-05-03,Mexico,23471,2154,13447,7870,1383,93,1070,Americas
19231,2020-05-03,Spain,217466,25264,118902,73300,884,164,1654,Europe
19267,2020-05-04,Argentina,4887,260,1442,3185,104,14,88,Americas
19296,2020-05-04,Chile,23421,270,10415,12736,980,10,374,Americas
19312,2020-05-04,Ecuador,31881,1569,3433,26879,2343,5,133,Americas
19372,2020-05-04,Mexico,24905,2271,13447,9187,1434,117,0,Americas
19418,2020-05-04,Spain,218011,25428,121343,71240,545,164,2441,Europe
19454,2020-05-05,Argentina,5020,264,1472,3284,133,4,30,Americas
19483,2020-05-05,Chile,24794,275,10710,13809,1373,5,295,Americas
19499,2020-05-05,Ecuador,31881,1569,3433,26879,0,0,0,Americas
19559,2020-05-05,Mexico,26025,2507,16810,6708,1120,236,3363,Americas
19605,2020-05-05,Spain,219329,25613,123486,70230,1318,185,2143,Europe
19641,2020-05-06,Argentina,5208,273,1524,3411,188,9,52,Americas
19670,2020-05-06,Chile,25826,281,11189,14356,1032,6,479,Americas
19686,2020-05-06,Ecuador,31881,1618,3433,26830,0,49,0,Americas
19746,2020-05-06,Mexico,27634,2704,17781,7149,1609,197,971,Americas
19792,2020-05-06,Spain,220325,25857,126002,68466,996,244,2516,Europe
19828,2020-05-07,Argentina,5371,282,1601,3488,163,9,77,Americas
19857,2020-05-07,Chile,27359,285,11664,15410,1533,4,475,Americas
19873,2020-05-07,Ecuador,30298,1654,3433,25211,0,36,0,Americas
19933,2020-05-07,Mexico,29616,2961,17781,8874,1982,257,0,Americas
19979,2020-05-07,Spain,221447,26070,128511,66866,1122,213,2509,Europe
20015,2020-05-08,Argentina,5611,293,1659,3659,240,11,58,Americas
20044,2020-05-08,Chile,28750,294,12160,16296,1391,9,496,Americas
20060,2020-05-08,Ecuador,28818,1704,3433,23681,0,50,0,Americas
20120,2020-05-08,Mexico,31522,3160,20314,8048,1906,199,2533,Americas
20166,2020-05-08,Spain,222857,26299,131148,65410,1410,229,2637,Europe
20202,2020-05-09,Argentina,5776,300,1728,3748,165,7,69,Americas
20231,2020-05-09,Chile,32208,304,12667,19237,3458,10,507,Americas
20247,2020-05-09,Ecuador,29071,1717,3433,23921,253,13,0,Americas
20307,2020-05-09,Mexico,33460,3353,21824,8283,1938,193,1510,Americas
20353,2020-05-09,Spain,223578,26478,133952,63148,721,179,2804,Europe
20389,2020-05-10,Argentina,6034,305,1757,3972,258,5,29,Americas
20418,2020-05-10,Chile,33855,312,13112,20431,1647,8,445,Americas
20434,2020-05-10,Ecuador,29559,2127,3433,23999,488,410,0,Americas
20494,2020-05-10,Mexico,35022,3465,21824,9733,1562,112,0,Americas
20540,2020-05-10,Spain,224350,26621,136166,61563,772,143,2214,Europe
20576,2020-05-11,Argentina,6278,314,1837,4127,244,9,80,Americas
20605,2020-05-11,Chile,35052,323,13605,21124,1197,11,493,Americas
20621,2020-05-11,Ecuador,29509,2145,3433,23931,0,18,0,Americas
20681,2020-05-11,Mexico,36327,3573,23100,9654,1305,108,1276,Americas
20727,2020-05-11,Spain,227436,26744,137139,63553,3086,123,973,Europe
20763,2020-05-12,Argentina,6563,319,1862,4382,285,5,25,Americas
20792,2020-05-12,Chile,36710,335,14125,22250,1658,12,520,Americas
20808,2020-05-12,Ecuador,30419,2327,3433,24659,910,182,0,Americas
20868,2020-05-12,Mexico,38324,3926,25935,8463,1997,353,2835,Americas
20914,2020-05-12,Spain,228030,26920,138980,62130,594,176,1841,Europe
20950,2020-05-13,Argentina,6879,329,2266,4284,316,10,404,Americas
20979,2020-05-13,Chile,39370,346,14865,24159,2660,11,740,Americas
20995,2020-05-13,Ecuador,30486,2334,3433,24719,67,7,0,Americas
21055,2020-05-13,Mexico,40186,4220,26990,8976,1862,294,1055,Americas
21101,2020-05-13,Spain,228691,27104,140823,60764,661,184,1843,Europe
21137,2020-05-14,Argentina,7134,353,2385,4396,255,24,119,Americas
21166,2020-05-14,Chile,42029,368,15655,26006,2659,22,790,Americas
21182,2020-05-14,Ecuador,30502,2338,3433,24731,16,4,0,Americas
21242,2020-05-14,Mexico,42595,4477,28475,9643,2409,257,1485,Americas
21288,2020-05-14,Spain,229540,27321,143374,58845,849,217,2551,Europe
21324,2020-05-15,Argentina,7479,356,2497,4626,345,3,112,Americas
21353,2020-05-15,Chile,44531,394,16614,27523,2502,26,959,Americas
21369,2020-05-15,Ecuador,31467,2594,3433,25440,965,256,0,Americas
21429,2020-05-15,Mexico,45032,4767,30451,9814,2437,290,1976,Americas
21475,2020-05-15,Spain,230183,27459,144783,57941,643,138,1409,Europe
21511,2020-05-16,Argentina,7805,363,2534,4908,326,7,37,Americas
21540,2020-05-16,Chile,50016,421,18014,31581,5485,27,1400,Americas
21556,2020-05-16,Ecuador,32763,2688,3433,26642,1296,94,0,Americas
21616,2020-05-16,Mexico,47144,5045,31848,10251,2112,278,1397,Americas
21662,2020-05-16,Spain,230698,27563,146446,56689,515,104,1663,Europe
21698,2020-05-17,Argentina,8068,373,2569,5126,263,10,35,Americas
21727,2020-05-17,Chile,52369,450,19213,32706,2353,29,1199,Americas
21743,2020-05-17,Ecuador,33182,2736,3433,27013,419,48,0,Americas
21803,2020-05-17,Mexico,49219,5177,33329,10713,2075,132,1481,Americas
21849,2020-05-17,Spain,230698,27563,146446,56689,0,0,0,Europe
21885,2020-05-18,Argentina,8371,382,2625,5364,303,9,56,Americas
21914,2020-05-18,Chile,54647,478,20165,34004,2278,28,952,Americas
21930,2020-05-18,Ecuador,33582,2799,3433,27350,400,63,0,Americas
21990,2020-05-18,Mexico,51633,5332,35388,10913,2414,155,2059,Americas
22036,2020-05-18,Spain,231606,27709,150376,53521,908,146,3930,Europe
22072,2020-05-19,Argentina,8809,393,2872,5544,438,11,247,Americas
22101,2020-05-19,Chile,58167,509,21507,36151,3520,31,1342,Americas
22117,2020-05-19,Ecuador,34151,2839,3457,27855,569,40,24,Americas
22177,2020-05-19,Mexico,54346,5666,37325,11355,2713,334,1937,Americas
22223,2020-05-19,Spain,232037,27778,150376,53883,431,69,0,Europe
22259,2020-05-20,Argentina,9283,403,2933,5947,474,10,61,Americas
22288,2020-05-20,Chile,62205,544,22504,39157,4038,35,997,Americas
22304,2020-05-20,Ecuador,34854,2888,3557,28409,703,49,100,Americas
22364,2020-05-20,Mexico,56594,6090,38419,12085,2248,424,1094,Americas
22410,2020-05-20,Spain,232555,27888,150376,54291,518,110,0,Europe
22446,2020-05-21,Argentina,9931,416,3032,6483,648,13,99,Americas
22475,2020-05-21,Chile,66169,589,23992,41588,3964,45,1488,Americas
22491,2020-05-21,Ecuador,35306,2939,3557,28810,452,51,0,Americas
22551,2020-05-21,Mexico,59567,6510,40152,12905,2973,420,1733,Americas
22597,2020-05-21,Spain,233037,27940,150376,54721,482,52,0,Europe
22633,2020-05-22,Argentina,10649,433,3062,7154,718,17,30,Americas
22662,2020-05-22,Chile,70445,630,25342,44473,4276,41,1350,Americas
22678,2020-05-22,Ecuador,35828,3056,3557,29215,522,117,0,Americas
22738,2020-05-22,Mexico,62527,6989,42191,13347,2960,479,2039,Americas
22784,2020-05-22,Spain,234824,28628,150376,55820,1787,688,0,Europe
22820,2020-05-23,Argentina,11353,445,3530,7378,704,12,468,Americas
22849,2020-05-23,Chile,80287,673,26546,53068,9842,43,1204,Americas
22865,2020-05-23,Ecuador,36258,3096,3557,29605,430,40,0,Americas
22925,2020-05-23,Mexico,65856,7179,44424,14253,3329,190,2233,Americas
22971,2020-05-23,Spain,235290,28678,150376,56236,466,50,0,Europe
23007,2020-05-24,Argentina,12076,452,3732,7892,723,7,202,Americas
23036,2020-05-24,Chile,83996,718,28148,55130,3709,45,1602,Americas
23052,2020-05-24,Ecuador,36756,3108,3560,30088,498,12,3,Americas
23112,2020-05-24,Mexico,68620,7394,46979,14247,2764,215,2555,Americas
23158,2020-05-24,Spain,235772,28752,150376,56644,482,74,0,Europe
23194,2020-05-25,Argentina,12628,467,3999,8162,552,15,267,Americas
23223,2020-05-25,Chile,88891,761,29302,58828,4895,43,1154,Americas
23239,2020-05-25,Ecuador,37355,3203,18003,16149,599,95,14443,Americas
23299,2020-05-25,Mexico,71105,7633,49452,14020,2485,239,2473,Americas
23345,2020-05-25,Spain,235400,26834,150376,58190,0,-1918,0,Europe
23381,2020-05-26,Argentina,13228,484,4167,8577,600,17,168,Americas
23410,2020-05-26,Chile,92855,806,30915,61134,3964,45,1613,Americas
23426,2020-05-26,Ecuador,37355,3203,18003,16149,0,0,0,Americas
23486,2020-05-26,Mexico,74560,8134,51708,14718,3455,501,2256,Americas
23532,2020-05-26,Spain,236259,27117,150376,58766,859,283,0,Europe
23568,2020-05-27,Argentina,13933,500,4349,9084,705,16,182,Americas
23597,2020-05-27,Chile,97183,841,33540,62802,4328,35,2625,Americas
23613,2020-05-27,Ecuador,38103,3275,18425,16403,748,72,422,Americas
23673,2020-05-27,Mexico,78023,8597,53834,15592,3463,463,2126,Americas
23719,2020-05-27,Spain,236259,27117,150376,58766,0,0,0,Europe
23755,2020-05-28,Argentina,14702,508,4617,9577,769,8,268,Americas
23784,2020-05-28,Chile,101837,890,36115,64832,4654,49,2575,Americas
23800,2020-05-28,Ecuador,38471,3313,18425,16733,368,38,0,Americas
23860,2020-05-28,Mexico,81400,9044,56041,16315,3377,447,2207,Americas
23906,2020-05-28,Spain,237906,27119,150376,60411,1647,2,0,Europe
23942,2020-05-29,Argentina,15419,520,4788,10111,717,12,171,Americas
23971,2020-05-29,Chile,105532,944,38598,65990,3695,54,2483,Americas
23987,2020-05-29,Ecuador,38571,3334,19190,16047,100,21,765,Americas
24047,2020-05-29,Mexico,84627,9415,59003,16209,3227,371,2962,Americas
24093,2020-05-29,Spain,238564,27121,150376,61067,658,2,0,Europe
24129,2020-05-30,Argentina,16214,528,4788,10898,795,8,0,Americas
24158,2020-05-30,Chile,118720,997,40431,77292,13188,53,1833,Americas
24174,2020-05-30,Ecuador,38571,3334,19190,16047,0,0,0,Americas
24234,2020-05-30,Mexico,87512,9779,61247,16486,2885,364,2244,Americas
24280,2020-05-30,Spain,239228,27125,150376,61727,664,4,0,Europe
24316,2020-05-31,Argentina,16851,539,5336,10976,637,11,548,Americas
24345,2020-05-31,Chile,123550,1054,42727,79769,4830,57,2296,Americas
24361,2020-05-31,Ecuador,39098,3358,19592,16148,527,24,402,Americas
24421,2020-05-31,Mexico,90664,9930,63772,16962,3152,151,2525,Americas
24467,2020-05-31,Spain,239479,27127,150376,61976,251,2,0,Europe
24503,2020-06-01,Argentina,17415,556,5521,11338,564,17,185,Americas
24532,2020-06-01,Chile,129020,1113,44946,82961,5470,59,2219,Americas
24548,2020-06-01,Ecuador,39098,3358,19592,16148,0,0,0,Americas
24608,2020-06-01,Mexico,93435,10167,66965,16303,2771,237,3193,Americas
24654,2020-06-01,Spain,239638,27127,150376,62135,159,0,0,Europe
24690,2020-06-02,Argentina,18319,569,5709,12041,904,13,188,Americas
24719,2020-06-02,Chile,132548,1188,86173,45187,3528,75,41227,Americas
24735,2020-06-02,Ecuador,40414,3438,20019,16957,1316,80,427,Americas
24795,2020-06-02,Mexico,97326,10637,69749,16940,3891,470,2784,Americas
24841,2020-06-02,Spain,239932,27127,150376,62429,294,0,0,Europe
24877,2020-06-03,Argentina,19268,583,5896,12789,949,14,187,Americas
24906,2020-06-03,Chile,137490,1275,90748,45467,4942,87,4575,Americas
24922,2020-06-03,Ecuador,40966,3486,20019,17461,552,48,0,Americas
24982,2020-06-03,Mexico,101238,11729,72680,16829,3912,1092,2931,Americas
25028,2020-06-03,Spain,240326,27128,150376,62822,394,1,0,Europe
25064,2020-06-04,Argentina,20197,608,5993,13596,929,25,97,Americas
25093,2020-06-04,Chile,142154,1356,95631,45167,4664,81,4883,Americas
25109,2020-06-04,Ecuador,40966,3486,20019,17461,0,0,0,Americas
25169,2020-06-04,Mexico,105680,12545,74758,18377,4442,816,2078,Americas
25215,2020-06-04,Spain,240660,27133,150376,63151,334,5,0,Europe
25251,2020-06-05,Argentina,21037,632,6088,14317,840,24,95,Americas
25280,2020-06-05,Chile,146361,1448,99358,45555,4207,92,3727,Americas
25296,2020-06-05,Ecuador,41575,3534,20568,17473,609,48,549,Americas
25356,2020-06-05,Mexico,110026,13170,77841,19015,4346,625,3083,Americas
25402,2020-06-05,Spain,240978,27134,150376,63468,318,1,0,Europe
25438,2020-06-06,Argentina,22020,648,6180,15192,983,16,92,Americas
25467,2020-06-06,Chile,160351,1541,103817,54993,13990,93,4459,Americas
25483,2020-06-06,Ecuador,42728,3608,21020,18100,1153,74,452,Americas
25543,2020-06-06,Mexico,113619,13511,80830,19278,3593,341,2989,Americas
25589,2020-06-06,Spain,241310,27135,150376,63799,332,1,0,Europe
25625,2020-06-07,Argentina,22794,664,6909,15221,774,16,729,Americas
25654,2020-06-07,Chile,166756,1637,108150,56969,6405,96,4333,Americas
25670,2020-06-07,Ecuador,43120,3621,21020,18479,392,13,0,Americas
25730,2020-06-07,Mexico,117103,13699,83775,19629,3484,188,2945,Americas
25776,2020-06-07,Spain,241550,27136,150376,64038,240,1,0,Europe
25812,2020-06-08,Argentina,23620,693,7305,15622,826,29,396,Americas
25841,2020-06-08,Chile,171452,2264,112248,56940,4696,627,4098,Americas
25857,2020-06-08,Ecuador,43378,3642,21020,18716,258,21,0,Americas
25917,2020-06-08,Mexico,120102,14053,87633,18416,2999,354,3858,Americas
25963,2020-06-08,Spain,241717,27136,150376,64205,167,0,0,Europe
25999,2020-06-09,Argentina,24761,717,7568,16476,1141,24,263,Americas
26028,2020-06-09,Chile,175365,2283,117361,55721,3913,19,5113,Americas
26044,2020-06-09,Ecuador,43917,3690,21020,19207,539,48,0,Americas
26104,2020-06-09,Mexico,124301,14649,90748,18904,4199,596,3115,Americas
26150,2020-06-09,Spain,241966,27136,150376,64454,249,0,0,Europe
26186,2020-06-10,Argentina,25987,735,7991,17261,1226,18,423,Americas
26215,2020-06-10,Chile,181062,2475,121780,56807,5697,192,4419,Americas
26231,2020-06-10,Ecuador,44440,3720,21862,18858,523,30,842,Americas
26291,2020-06-10,Mexico,129184,15357,93930,19897,4883,708,3182,Americas
26337,2020-06-10,Spain,242280,27136,150376,64768,314,0,0,Europe
26373,2020-06-11,Argentina,27373,765,8332,18276,1386,30,341,Americas
26402,2020-06-11,Chile,186698,2648,126444,57606,5636,173,4664,Americas
26418,2020-06-11,Ecuador,44440,3720,21862,18858,0,0,0,Americas
26478,2020-06-11,Mexico,133974,15944,97198,20832,4790,587,3268,Americas
26524,2020-06-11,Spain,242707,27136,150376,65195,427,0,0,Europe
26560,2020-06-12,Argentina,28764,785,8743,19236,1391,20,411,Americas
26589,2020-06-12,Chile,193452,2870,131358,59224,6754,222,4914,Americas
26605,2020-06-12,Ecuador,45778,3828,22679,19271,1338,108,817,Americas
26665,2020-06-12,Mexico,139196,16448,100876,21872,5222,504,3678,Americas
26711,2020-06-12,Spain,243209,27136,150376,65697,502,0,0,Europe
26747,2020-06-13,Argentina,30295,815,9083,20397,1531,30,340,Americas
26776,2020-06-13,Chile,201634,3101,137296,61237,8182,231,5938,Americas
26792,2020-06-13,Ecuador,46356,3874,22865,19617,578,46,186,Americas
26852,2020-06-13,Mexico,142690,16872,104078,21740,3494,424,3202,Americas
26898,2020-06-13,Spain,243605,27136,150376,66093,396,0,0,Europe
26934,2020-06-14,Argentina,31577,833,9564,21180,1282,18,481,Americas
26963,2020-06-14,Chile,208572,3323,143704,61545,6938,222,6408,Americas
26979,2020-06-14,Ecuador,46751,3896,23064,19791,395,22,199,Americas
27039,2020-06-14,Mexico,146837,17141,107298,22398,4147,269,3220,Americas
27085,2020-06-14,Spain,243928,27136,150376,66416,323,0,0,Europe
27121,2020-06-15,Argentina,32785,854,9891,22040,1208,21,327,Americas
27150,2020-06-15,Chile,213715,3362,148792,61561,5143,39,5088,Americas
27166,2020-06-15,Ecuador,47322,3929,23349,20044,571,33,285,Americas
27226,2020-06-15,Mexico,150264,17580,112292,20392,3427,439,4994,Americas
27272,2020-06-15,Spain,244109,27136,150376,66597,181,0,0,Europe
27308,2020-06-16,Argentina,34159,878,10174,23107,1374,24,283,Americas
27337,2020-06-16,Chile,218728,3383,156232,59113,5013,21,7440,Americas
27353,2020-06-16,Ecuador,47943,3970,23684,20289,621,41,335,Americas
27413,2020-06-16,Mexico,154863,18310,115394,21159,4599,730,3102,Americas
27459,2020-06-16,Spain,244328,27136,150376,66816,219,0,0,Europe
27495,2020-06-17,Argentina,35552,913,10512,24127,1393,35,338,Americas
27524,2020-06-17,Chile,220628,3615,181931,35082,1900,232,25699,Americas
27540,2020-06-17,Ecuador,48490,4007,23881,20602,547,37,197,Americas
27600,2020-06-17,Mexico,159793,19080,118504,22209,4930,770,3110,Americas
27646,2020-06-17,Spain,244683,27136,150376,67171,355,0,0,Europe
27682,2020-06-18,Argentina,37510,948,10721,25841,1958,35,209,Americas
27711,2020-06-18,Chile,225103,3841,186441,34821,4475,226,4510,Americas
27727,2020-06-18,Ecuador,49097,4087,24123,20887,607,80,242,Americas
27787,2020-06-18,Mexico,165455,19747,122180,23528,5662,667,3676,Americas
27833,2020-06-18,Spain,245268,27136,150376,67756,585,0,0,Europe
27869,2020-06-19,Argentina,39570,979,11851,26740,2060,31,1130,Americas
27898,2020-06-19,Chile,231393,4093,191491,35809,6290,252,5050,Americas
27914,2020-06-19,Ecuador,49731,4156,24446,21129,634,69,323,Americas
27974,2020-06-19,Mexico,170485,20394,126438,23653,5030,647,4258,Americas
28020,2020-06-19,Spain,245575,28315,150376,66884,307,1179,0,Europe
28056,2020-06-20,Argentina,41204,992,12206,28006,1634,13,355,Americas
28085,2020-06-20,Chile,236748,4295,196609,35844,5355,202,5118,Americas
28101,2020-06-20,Ecuador,49731,4156,24446,21129,0,0,0,Americas
28161,2020-06-20,Mexico,175202,20781,130854,23567,4717,387,4416,Americas
28207,2020-06-20,Spain,245938,28322,150376,67240,363,7,0,Europe
28243,2020-06-21,Argentina,42785,1011,12728,29046,1581,19,522,Americas
28272,2020-06-21,Chile,242355,4479,200569,37307,5607,184,3960,Americas
28288,2020-06-21,Ecuador,50640,4223,24991,21426,909,67,545,Americas
28348,2020-06-21,Mexico,180545,21825,134495,24225,5343,1044,3641,Americas
28394,2020-06-21,Spain,246272,28323,150376,67573,334,1,0,Europe
28430,2020-06-22,Argentina,44931,1043,13153,30735,2146,32,425,Americas
28459,2020-06-22,Chile,246963,4502,205397,37064,4608,23,4828,Americas
28475,2020-06-22,Ecuador,50640,4223,24991,21426,0,0,0,Americas
28535,2020-06-22,Mexico,185122,22584,139383,23155,4577,759,4888,Americas
28581,2020-06-22,Spain,246504,28324,150376,67804,232,1,0,Europe
28617,2020-06-23,Argentina,47203,1078,13576,32549,2272,35,423,Americas
28646,2020-06-23,Chile,250767,4505,210570,35692,3804,3,5173,Americas
28662,2020-06-23,Ecuador,51643,4274,24991,22378,1003,51,0,Americas
28722,2020-06-23,Mexico,191410,23377,143646,24387,6288,793,4263,Americas
28768,2020-06-23,Spain,246752,28325,150376,68051,248,1,0,Europe
28804,2020-06-24,Argentina,49851,1116,13816,34919,2648,38,240,Americas
28833,2020-06-24,Chile,254416,4731,215093,34592,3649,226,4523,Americas
28849,2020-06-24,Ecuador,51643,4274,24991,22378,0,0,0,Americas
28909,2020-06-24,Mexico,196847,24324,148487,24036,5437,947,4841,Americas
28955,2020-06-24,Spain,247086,28327,150376,68383,334,2,0,Europe
28991,2020-06-25,Argentina,52457,1150,14788,36519,2606,34,972,Americas
29020,2020-06-25,Chile,259064,4903,219327,34834,4648,172,4234,Americas
29036,2020-06-25,Ecuador,53156,4343,26097,22716,1513,69,1106,Americas
29096,2020-06-25,Mexico,202951,25060,152362,25529,6104,736,3875,Americas
29142,2020-06-25,Spain,247486,28330,150376,68780,400,3,0,Europe
29178,2020-06-26,Argentina,55343,1184,18416,35743,2886,34,3628,Americas
29207,2020-06-26,Chile,263360,5068,223431,34861,4296,165,4104,Americas
29223,2020-06-26,Ecuador,53856,4406,26493,22957,700,63,396,Americas
29283,2020-06-26,Mexico,208392,25779,156827,25786,5441,719,4465,Americas
29329,2020-06-26,Spain,247905,28338,150376,69191,419,8,0,Europe
29365,2020-06-27,Argentina,57744,1207,19143,37394,2401,23,727,Americas
29394,2020-06-27,Chile,267766,5347,228055,34364,4406,279,4624,Americas
29410,2020-06-27,Ecuador,54574,4424,26920,23230,718,18,427,Americas
29470,2020-06-27,Mexico,212802,26381,160721,25700,4410,602,3894,Americas
29516,2020-06-27,Spain,248469,28341,150376,69752,564,3,0,Europe
29552,2020-06-28,Argentina,59933,1232,20134,38567,2189,25,991,Americas
29581,2020-06-28,Chile,271982,5509,232210,34263,4216,162,4155,Americas
29597,2020-06-28,Ecuador,55255,4429,27058,23768,681,5,138,Americas
29657,2020-06-28,Mexico,216852,26648,164646,25558,4050,267,3925,Americas
29703,2020-06-28,Spain,248770,28343,150376,70051,301,2,0,Europe
29739,2020-06-29,Argentina,62268,1280,21138,39850,2335,48,1004,Americas
29768,2020-06-29,Chile,275999,5575,236154,34270,4017,66,3944,Americas
29784,2020-06-29,Ecuador,55665,4502,27430,23733,410,73,372,Americas
29844,2020-06-29,Mexico,220657,27121,170147,23389,3805,473,5501,Americas
29890,2020-06-29,Spain,248970,28346,150376,70248,200,3,0,Europe
29926,2020-06-30,Argentina,64530,1307,22028,41195,2262,27,890,Americas
29955,2020-06-30,Chile,279393,5688,241229,32476,3394,113,5075,Americas
29971,2020-06-30,Ecuador,56432,4527,27594,24311,767,25,164,Americas
30031,2020-06-30,Mexico,226089,27769,174538,23782,5432,648,4391,Americas
30077,2020-06-30,Spain,249271,28355,150376,70540,301,9,0,Europe
30113,2020-07-01,Argentina,67197,1351,23040,42806,2667,44,1012,Americas
30142,2020-07-01,Chile,282043,5753,245443,30847,2650,65,4214,Americas
30158,2020-07-01,Ecuador,58257,4576,27887,25794,1825,49,293,Americas
30218,2020-07-01,Mexico,231770,28510,178526,24734,5681,741,3988,Americas
30264,2020-07-01,Spain,249659,28364,150376,70919,388,9,0,Europe
30300,2020-07-02,Argentina,69941,1385,24186,44370,2744,34,1146,Americas
30329,2020-07-02,Chile,284541,5920,249247,29374,2498,167,3804,Americas
30345,2020-07-02,Ecuador,59468,4639,28032,26797,1211,63,145,Americas
30405,2020-07-02,Mexico,238511,29189,183757,25565,6741,679,5231,Americas
30451,2020-07-02,Spain,250103,28368,150376,71359,444,4,0,Europe
30487,2020-07-03,Argentina,72786,1437,25224,46125,2845,52,1038,Americas
30516,2020-07-03,Chile,288089,6051,253343,28695,3548,131,4096,Americas
30532,2020-07-03,Ecuador,60657,4700,28391,27566,1189,61,359,Americas
30592,2020-07-03,Mexico,245251,29843,189345,26063,6740,654,5588,Americas
30638,2020-07-03,Spain,250545,28385,150376,71784,442,17,0,Europe
30674,2020-07-04,Argentina,75376,1481,25930,47965,2590,44,706,Americas
30703,2020-07-04,Chile,291847,6192,257451,28204,3758,141,4108,Americas
30719,2020-07-04,Ecuador,61535,4769,28507,28259,878,69,116,Americas
30779,2020-07-04,Mexico,252165,30366,195724,26075,6914,523,6379,Americas
30825,2020-07-04,Spain,250545,28385,150376,71784,0,0,0,Europe
30861,2020-07-05,Argentina,77815,1507,27597,48711,2439,26,1667,Americas
30890,2020-07-05,Chile,295532,6308,261039,28185,3685,116,3588,Americas
30906,2020-07-05,Ecuador,61958,4781,28722,28455,423,12,215,Americas
30966,2020-07-05,Mexico,256848,30639,199914,26295,4683,273,4190,Americas
31012,2020-07-05,Spain,250545,28385,150376,71784,0,0,0,Europe
31048,2020-07-06,Argentina,80447,1582,28531,50334,2632,75,934,Americas
31077,2020-07-06,Chile,298557,6384,264378,27795,3025,76,3339,Americas
31093,2020-07-06,Ecuador,62380,4821,28872,28687,422,40,150,Americas
31153,2020-07-06,Mexico,261750,31119,204826,25805,4902,480,4912,Americas
31199,2020-07-06,Spain,251789,28388,150376,73025,1244,3,0,Europe
31235,2020-07-07,Argentina,83426,1644,30095,51687,2979,62,1564,Americas
31264,2020-07-07,Chile,301019,6434,268251,26334,2462,50,3873,Americas
31280,2020-07-07,Ecuador,63245,4873,29071,29301,865,52,199,Americas
31340,2020-07-07,Mexico,268008,32014,209437,26557,6258,895,4611,Americas
31386,2020-07-07,Spain,252130,28392,150376,73362,341,4,0,Europe
31422,2020-07-08,Argentina,87030,1694,36502,48834,3604,50,6407,Americas
31451,2020-07-08,Chile,303083,6573,271741,24769,2064,139,3490,Americas
31467,2020-07-08,Ecuador,63245,4873,29071,29301,0,0,0,Americas
31527,2020-07-08,Mexico,275003,32796,214316,27891,6995,782,4879,Americas
31573,2020-07-08,Spain,252513,28396,150376,73741,383,4,0,Europe
31609,2020-07-09,Argentina,90693,1720,38313,50660,3663,26,1811,Americas
31638,2020-07-09,Chile,306216,6682,274922,24612,3133,109,3181,Americas
31654,2020-07-09,Ecuador,64221,4900,29184,30137,976,27,113,Americas
31714,2020-07-09,Mexico,282283,33526,219628,29129,7280,730,5312,Americas
31760,2020-07-09,Spain,253056,28401,150376,74279,543,5,0,Europe
31796,2020-07-10,Argentina,94060,1774,38984,53302,3367,54,671,Americas
31825,2020-07-10,Chile,309274,6781,278053,24440,3058,99,3131,Americas
31841,2020-07-10,Ecuador,65018,4939,29577,30502,797,39,393,Americas
31901,2020-07-10,Mexico,289174,34191,225356,29627,6891,665,5728,Americas
31947,2020-07-10,Spain,253908,28403,150376,75129,852,2,0,Europe
31983,2020-07-11,Argentina,97509,1810,41408,54291,3449,36,2424,Americas
32012,2020-07-11,Chile,312029,6881,281114,24034,2755,100,3061,Americas
32028,2020-07-11,Ecuador,67209,5031,30107,32071,2191,92,530,Americas
32088,2020-07-11,Mexico,295268,34730,229856,30682,6094,539,4500,Americas
32134,2020-07-11,Spain,253908,28403,150376,75129,0,0,0,Europe
32170,2020-07-12,Argentina,100166,1845,42694,55627,2657,35,1286,Americas
32199,2020-07-12,Chile,315041,6979,283902,24160,3012,98,2788,Americas
32215,2020-07-12,Ecuador,67870,5047,30283,32540,661,16,176,Americas
32275,2020-07-12,Mexico,299750,35006,234905,29839,4482,276,5049,Americas
32321,2020-07-12,Spain,253908,28403,150376,75129,0,0,0,Europe
32357,2020-07-13,Argentina,103265,1903,44173,57189,3099,58,1479,Americas
32386,2020-07-13,Chile,317657,7024,286556,24077,2616,45,2654,Americas
32402,2020-07-13,Ecuador,68459,5063,30369,33027,589,16,86,Americas
32462,2020-07-13,Mexico,304435,35491,240101,28843,4685,485,5196,Americas
32508,2020-07-13,Spain,255953,28406,150376,77171,2045,3,0,Europe
32544,2020-07-14,Argentina,106910,1968,45467,59475,3645,65,1294,Americas
32573,2020-07-14,Chile,319493,7069,289220,23204,1836,45,2664,Americas
32589,2020-07-14,Ecuador,69570,5130,30484,33956,1111,67,115,Americas
32649,2020-07-14,Mexico,311486,36327,245830,29329,7051,836,5729,Americas
32695,2020-07-14,Spain,256619,28409,150376,77834,666,3,0,Europe
32731,2020-07-15,Argentina,111146,2050,47298,61798,4236,82,1831,Americas
32760,2020-07-15,Chile,321205,7186,292085,21934,1712,117,2865,Americas
32776,2020-07-15,Ecuador,70329,5158,30641,34530,759,28,157,Americas
32836,2020-07-15,Mexico,317635,36906,252368,28361,6149,579,6538,Americas
32882,2020-07-15,Spain,257494,28413,150376,78705,875,4,0,Europe
32918,2020-07-16,Argentina,114783,2112,49120,63551,3637,62,1822,Americas
32947,2020-07-16,Chile,323698,7290,295301,21107,2493,104,3216,Americas
32963,2020-07-16,Ecuador,71365,5207,31260,34898,1036,49,619,Americas
33023,2020-07-16,Mexico,324041,37574,257681,28786,6406,668,5313,Americas
33069,2020-07-16,Spain,258855,28416,150376,80063,1361,3,0,Europe
33105,2020-07-17,Argentina,119301,2178,49780,67343,4518,66,660,Americas
33134,2020-07-17,Chile,326439,8347,296814,21278,2741,1057,1513,Americas
33150,2020-07-17,Ecuador,72444,5250,31404,35790,1079,43,144,Americas
33210,2020-07-17,Mexico,331298,38310,264202,28786,7257,736,6521,Americas
33256,2020-07-17,Spain,260255,28420,150376,81459,1400,4,0,Europe
33292,2020-07-18,Argentina,122524,2220,52607,67697,3223,42,2827,Americas
33321,2020-07-18,Chile,328846,8445,299449,20952,2407,98,2635,Americas
33337,2020-07-18,Ecuador,73382,5282,31757,36343,938,32,353,Americas
33397,2020-07-18,Mexico,338913,38888,271239,28786,7615,578,7037,Americas
33443,2020-07-18,Spain,260255,28420,150376,81459,0,0,0,Europe
33479,2020-07-19,Argentina,126755,2260,54105,70390,4231,40,1498,Americas
33508,2020-07-19,Chile,330930,8503,301794,20633,2084,58,2345,Americas
33524,2020-07-19,Ecuador,74013,5313,31901,36799,631,31,144,Americas
33584,2020-07-19,Mexico,344224,39184,254941,50099,5311,296,-16298,Americas
33630,2020-07-19,Spain,260255,28420,150376,81459,0,0,0,Europe
33666,2020-07-20,Argentina,130774,2373,55913,72488,4019,113,1808,Americas
33695,2020-07-20,Chile,333029,8633,303992,20404,2099,130,2198,Americas
33711,2020-07-20,Ecuador,74620,5318,31955,37347,607,5,54,Americas
33771,2020-07-20,Mexico,349396,39485,263091,46820,5172,301,8150,Americas
33817,2020-07-20,Spain,264836,28422,150376,86038,4581,2,0,Europe
33853,2020-07-21,Argentina,136118,2490,58598,75030,5344,117,2685,Americas
33882,2020-07-21,Chile,334683,8677,306816,19190,1654,44,2824,Americas
33898,2020-07-21,Ecuador,76217,5366,32725,38126,1597,48,770,Americas
33958,2020-07-21,Mexico,356255,40400,267407,48448,6859,915,4316,Americas
34004,2020-07-21,Spain,266194,28424,150376,87394,1358,2,0,Europe
34040,2020-07-22,Argentina,141900,2588,60531,78781,5782,98,1933,Americas
34069,2020-07-22,Chile,336402,8722,309241,18439,1719,45,2425,Americas
34085,2020-07-22,Ecuador,77257,5418,33125,38714,1040,52,400,Americas
34145,2020-07-22,Mexico,362274,41190,270147,50937,6019,790,2740,Americas
34191,2020-07-22,Spain,267551,28426,150376,88749,1357,2,0,Europe
34227,2020-07-23,Argentina,148027,2702,62815,82510,6127,114,2284,Americas
34256,2020-07-23,Chile,338759,8838,311431,18490,2357,116,2190,Americas
34272,2020-07-23,Ecuador,78148,5439,33455,39254,891,21,330,Americas
34332,2020-07-23,Mexico,370712,41908,275454,53350,8438,718,5307,Americas
34378,2020-07-23,Spain,270166,28429,150376,91361,2615,3,0,Europe
34414,2020-07-24,Argentina,153520,2807,65447,85266,5493,105,2632,Americas
34443,2020-07-24,Chile,341304,8914,313696,18694,2545,76,2265,Americas
34459,2020-07-24,Ecuador,79049,5468,34544,39037,901,29,1089,Americas
34519,2020-07-24,Mexico,378285,42645,283382,52258,7573,737,7928,Americas
34565,2020-07-24,Spain,272421,28432,150376,93613,2255,3,0,Europe
34601,2020-07-25,Argentina,158334,2893,68022,87419,4814,86,2575,Americas
34630,2020-07-25,Chile,343592,9020,316169,18403,2288,106,2473,Americas
34646,2020-07-25,Ecuador,80036,5507,34544,39985,987,39,0,Americas
34706,2020-07-25,Mexico,385036,42645,288819,53572,6751,0,5437,Americas
34752,2020-07-25,Spain,272421,28432,150376,93613,0,0,0,Europe
34788,2020-07-26,Argentina,162526,2939,70518,89069,4192,46,2496,Americas
34817,2020-07-26,Chile,345790,9112,318095,18583,2198,92,1926,Americas
34833,2020-07-26,Ecuador,80694,5515,34896,40283,658,8,352,Americas
34893,2020-07-26,Mexico,390516,43680,295222,51614,5480,1035,6403,Americas
34939,2020-07-26,Spain,272421,28432,150376,93613,0,0,0,Europe
34975,2020-07-27,Argentina,167416,3059,72575,91782,4890,120,2057,Americas
35004,2020-07-27,Chile,347923,9187,319954,18782,2133,75,1859,Americas
35020,2020-07-27,Ecuador,81161,5532,34896,40733,467,17,0,Americas
35080,2020-07-27,Mexico,395489,44022,303810,47657,4973,342,8588,Americas
35126,2020-07-27,Spain,272421,28432,150376,93613,0,0,0,Europe
